{"name":"da363306-e48d-4c50-b22e-00cdb86973e9","id":"/providers/Microsoft.Flow/flows/da363306-e48d-4c50-b22e-00cdb86973e9","type":"Microsoft.Flow/flows","properties":{"apiId":"/providers/Microsoft.PowerApps/apis/shared_logicflows","displayName":"EPM Alerts","definition":{"metadata":{"workflowEntityId":null,"processAdvisorMetadata":null,"flowclientsuspensionreason":"None","flowclientsuspensiontime":null,"flowclientsuspensionreasondetails":null,"creator":{"id":"7166a363-467e-4df2-8433-798a8fa5e54d","type":"User","tenantId":"f547f2eb-18b1-47c7-9f2d-587162a7e029"},"provisioningMethod":"FromDefinition","failureAlertSubscription":true,"clientLastModifiedTime":"2023-01-30T15:58:55.9796575Z"},"$schema":"https://schema.management.azure.com/providers/Microsoft.Logic/schemas/2016-06-01/workflowdefinition.json#","contentVersion":"1.0.0.0","parameters":{"$connections":{"defaultValue":{},"type":"Object"},"$authentication":{"defaultValue":{},"type":"SecureObject"}},"triggers":{"When_a_new_email_arrives_(V3)":{"splitOn":"@triggerOutputs()?['body/value']","metadata":{"operationMetadataId":"3ee81946-1bdc-4fab-946f-aef8766b962a"},"type":"OpenApiConnectionNotification","inputs":{"host":{"apiId":"/providers/Microsoft.PowerApps/apis/shared_office365","connectionName":"shared_office365","operationId":"OnNewEmailV3"},"parameters":{"folderPath":"Inbox","includeAttachments":false,"importance":"Any","fetchOnlyWithAttachment":false},"authentication":"@parameters('$authentication')"}}},"actions":{"Condition":{"actions":{"Post_message_in_a_chat_or_channel":{"runAfter":{"Get_an_@mention_token_for_a_user":["Succeeded"]},"metadata":{"operationMetadataId":"f8225975-b52a-41ae-aa63-c6f99c525552"},"type":"OpenApiConnection","inputs":{"host":{"apiId":"/providers/Microsoft.PowerApps/apis/shared_teams","connectionName":"shared_teams","operationId":"PostMessageToConversation"},"parameters":{"poster":"Flow bot","location":"Channel","body/recipient/groupId":"44f27639-3aa3-47f9-9630-42a87c0e7aec","body/recipient/channelId":"19:c38adb3356b0455599246363d6701bde@thread.tacv2","body/messageBody":"<p>New Alert from EPM at @{triggerOutputs()?['body/receivedDateTime']}<br>\n@{triggerOutputs()?['body/subject']}<br>\n<br>\nAssigned to - @{outputs('Get_an_@mention_token_for_a_user')?['body/atMention']}</p>"},"authentication":"@parameters('$authentication')"}},"HTTP":{"runAfter":{},"metadata":{"operationMetadataId":"7b38e4c5-d567-4192-88f7-2645b31652c2"},"type":"Http","inputs":{"method":"GET","uri":"https://sandyinspires.azurewebsites.net/api/getperson"}},"Parse_JSON":{"runAfter":{"HTTP":["Succeeded"]},"metadata":{"operationMetadataId":"20edd4c0-a643-4ab1-ab9c-cdc54f286aa5"},"type":"ParseJson","inputs":{"content":"@body('HTTP')","schema":{"type":"object","properties":{"email":{"type":"string"}}}}},"Get_an_@mention_token_for_a_user":{"runAfter":{"Parse_JSON":["Succeeded"]},"metadata":{"operationMetadataId":"a05eb1dc-9dcf-4b4e-8d4a-974328e53eb5"},"type":"OpenApiConnection","inputs":{"host":{"apiId":"/providers/Microsoft.PowerApps/apis/shared_teams","connectionName":"shared_teams","operationId":"AtMentionUser"},"parameters":{"userId":"@body('Parse_JSON')?['email']"},"authentication":"@parameters('$authentication')"}},"Forward_an_email_(V2)":{"runAfter":{"Post_message_in_a_chat_or_channel":["Succeeded"]},"metadata":{"operationMetadataId":"7dd946e8-cee9-476d-bd19-8c05429b6ef0"},"type":"OpenApiConnection","inputs":{"host":{"apiId":"/providers/Microsoft.PowerApps/apis/shared_office365","connectionName":"shared_office365","operationId":"ForwardEmail_V2"},"parameters":{"message_id":"@triggerOutputs()?['body/id']","body/ToRecipients":"@body('Parse_JSON')?['email']"},"authentication":"@parameters('$authentication')"}},"Create_item":{"runAfter":{"Forward_an_email_(V2)":["Succeeded"]},"metadata":{"operationMetadataId":"36a0d653-9859-40e5-80ac-49d9ef49fc76"},"type":"OpenApiConnection","inputs":{"host":{"apiId":"/providers/Microsoft.PowerApps/apis/shared_sharepointonline","connectionName":"shared_sharepointonline","operationId":"PostItem"},"parameters":{"dataset":"https://z3dr3.sharepoint.com/sites/EntraPermissionManagement","table":"6109a252-7fb3-44fc-b265-3d20b991aee9","item/Title":"@{utcNow('yyyy-MM-dd')} - @{triggerOutputs()?['body/subject']}","item/Description":"@triggerOutputs()?['body/subject']","item/Category":[{"Value":"Access"}],"item/Progress/Value":"Not started","item/Priority/Value":"Medium","item/StartDate":"@triggerOutputs()?['body/receivedDateTime']","item/DueDate":"@addDays(utcNow(), 5)","item/AssignedTo/Claims":"@body('Parse_JSON')?['email']","item/Email":"@body('Parse_JSON')?['email']"},"authentication":"@parameters('$authentication')"}}},"runAfter":{},"expression":{"equals":["@triggerOutputs()?['body/from']","no-reply-ciem@microsoft.com"]},"metadata":{"operationMetadataId":"7517c14a-3ea4-4346-a553-d3959f21e72a"},"type":"If"}}},"connectionReferences":{"shared_teams":{"connectionName":"shared-teams-37065a89-1d14-45ab-93f4-35a733bd9253","source":"Embedded","id":"/providers/Microsoft.PowerApps/apis/shared_teams","tier":"NotSpecified"},"shared_office365":{"connectionName":"shared-office365-52a135bf-773b-4684-8b36-d6b0bc212058","source":"Embedded","id":"/providers/Microsoft.PowerApps/apis/shared_office365","tier":"NotSpecified"},"shared_sharepointonline":{"connectionName":"5d4dfb695e8947479814a932602bd09b","source":"Embedded","id":"/providers/Microsoft.PowerApps/apis/shared_sharepointonline","tier":"NotSpecified"}},"flowFailureAlertSubscribed":false,"isManaged":false}}